object_id,ra_deg,dec_deg,redshift,i_mag,log10_stellar_mass,separation_arcsec,log10_flexion_zahid,log10_flexion_auger,raw_log10_stellar_mass,raw_log10_flexion_zahid,raw_log10_flexion_auger
488068102,62.090965,-53.901634,0.76866,20.096,11.42,6.4,-2.21,-2.2,$11.42\substack{+0.10\\-0.12}$,$-2.21\substack{+0.25\\-0.29}$,$-2.20\substack{+0.21\\-0.22}$
488065185,62.095575,-53.898291,0.59441,21.867,10.29,12.4,-3.95,-3.42,$10.29\substack{+0.10\\-0.17}$,$-3.95\substack{+0.42\\-0.58}$,$-3.42\substack{+0.21\\-0.24}$
488066144,62.090243,-53.903609,0.77069,22.015,10.66,13.4,-4.07,-3.72,$10.66\substack{+0.13\\-0.17}$,$-4.07\substack{+0.38\\-0.51}$,$-3.72\substack{+0.22\\-0.24}$
488066768,62.092923,-53.900091,1.03197,23.682,9.68,5.4,-4.93,-3.87,$9.68\substack{+0.24\\-0.25}$,$-4.93\substack{+0.63\\-0.93}$,$-3.87\substack{+0.26\\-0.27}$
488066462,62.083912,-53.903969,0.60048,22.304,9.88,20.2,-5.24,-4.37,$9.88\substack{+0.12\\-0.19}$,$-5.24\substack{+0.52\\-0.79}$,$-4.37\substack{+0.22\\-0.25}$
MUSE6/488065214,62.077898,-53.903878,0.59797,22.303,10.37,30.2,-5.02,-4.53,$10.37\substack{+0.11\\-0.16}$,$-5.02\substack{+0.41\\-0.56}$,$-4.53\substack{+0.21\\-0.23}$
488070148,62.084648,-53.885204,0.27247,18.309,10.99,54.3,-4.81,-4.61,$10.99\substack{+0.04\\-0.04}$,$-4.81\substack{+0.31\\-0.37}$,$-4.61\substack{+0.20\\-0.20}$
488066886,62.090541,-53.904725,0.77568,22.925,9.91,17.4,-5.46,-4.61,$9.91\substack{+0.16\\-0.30}$,$-5.46\substack{+0.53\\-0.90}$,$-4.61\substack{+0.23\\-0.30}$
488070807,62.07277,-53.910296,0.59811,19.975,11.27,53.0,-4.69,-4.61,$11.27\substack{+0.05\\-0.06}$,$-4.69\substack{+0.25\\-0.30}$,$-4.61\substack{+0.20\\-0.21}$
MUSE8/488067782,62.103108,-53.897861,0.59832,22.1,10.11,27.9,-5.29,-4.62,$10.11\substack{+0.13\\-0.20}$,$-5.29\substack{+0.48\\-0.71}$,$-4.62\substack{+0.22\\-0.25}$
488071104,62.07767,-53.913521,0.29469,18.555,11.05,56.0,-4.8,-4.62,$11.05\substack{+0.04\\-0.04}$,$-4.80\substack{+0.30\\-0.36}$,$-4.62\substack{+0.20\\-0.20}$
488070774,62.075134,-53.912907,0.29368,18.519,11.01,57.0,-4.87,-4.67,$11.01\substack{+0.04\\-0.04}$,$-4.87\substack{+0.30\\-0.37}$,$-4.67\substack{+0.20\\-0.20}$
MUSE15/488066060,62.080992,-53.904565,0.76785,22.762,10.44,26.1,-5.19,-4.74,$10.44\substack{+0.12\\-0.18}$,$-5.19\substack{+0.40\\-0.55}$,$-4.74\substack{+0.22\\-0.24}$
488066584,62.071692,-53.906245,0.59727,21.426,10.69,45.8,-5.18,-4.84,$10.69\substack{+0.04\\-0.03}$,$-5.18\substack{+0.35\\-0.45}$,$-4.84\substack{+0.20\\-0.20}$
MUSE12/488067196,62.093482,-53.905711,0.64363,23.311,9.18,21.9,-6.6,-5.1,$9.18\substack{+0.22\\-0.28}$,$-6.60\substack{+0.65\\-1.05}$,$-5.10\substack{+0.25\\-0.29}$
MUSE10/488070958,62.085862,-53.91018,0.60029,22.304,10.01,38.3,-5.86,-5.1,$10.01\substack{+0.14\\-0.22}$,$-5.86\substack{+0.50\\-0.77}$,$-5.10\substack{+0.22\\-0.26}$
489523481,62.07838,-53.881917,0.59451,19.918,11.04,69.6,-5.31,-5.13,$11.04\substack{+0.07\\-0.18}$,$-5.31\substack{+0.30\\-0.43}$,$-5.13\substack{+0.21\\-0.24}$
MUSE9/488069251,62.085632,-53.89133,0.59906,23.333,9.49,32.4,-6.48,-5.26,$9.49\substack{+0.26\\-0.35}$,$-6.48\substack{+0.67\\-1.12}$,$-5.26\substack{+0.27\\-0.33}$
488070002,62.070997,-53.882405,0.37961,20.614,10.39,75.2,-6.02,-5.54,$10.39\substack{+0.05\\-0.06}$,$-6.02\substack{+0.39\\-0.51}$,$-5.54\substack{+0.20\\-0.20}$
488070966,62.067875,-53.910488,0.59977,21.729,10.11,61.2,-6.32,-5.65,$10.11\substack{+0.15\\-0.19}$,$-6.32\substack{+0.49\\-0.70}$,$-5.65\substack{+0.23\\-0.25}$
488067363,62.134647,-53.901754,0.59479,21.047,10.86,94.1,-5.92,-5.66,$10.86\substack{+0.05\\-0.05}$,$-5.92\substack{+0.33\\-0.41}$,$-5.66\substack{+0.20\\-0.20}$
MUSE14/488070770,62.099785,-53.908977,0.76669,23.533,9.85,38.3,-6.56,-5.66,$9.85\substack{+0.21\\-0.28}$,$-6.56\substack{+0.58\\-0.89}$,$-5.66\substack{+0.24\\-0.29}$
488070443,62.101056,-53.907011,1.17764,21.911,11.01,34.2,-5.88,-5.68,$11.01\substack{+0.34\\-0.32}$,$-5.88\substack{+0.48\\-0.55}$,$-5.68\substack{+0.31\\-0.31}$
488071406,62.05483,-53.913785,0.44241,20.276,10.58,90.5,-6.08,-5.69,$10.58\substack{+0.06\\-0.07}$,$-6.08\substack{+0.37\\-0.48}$,$-5.69\substack{+0.20\\-0.21}$
405340030,62.118966,-53.880474,0.57772,20.663,10.71,92.5,-6.06,-5.73,$10.71\substack{+0.07\\-0.18}$,$-6.06\substack{+0.36\\-0.50}$,$-5.73\substack{+0.21\\-0.24}$
488071428,62.068708,-53.913477,0.59843,21.581,10.15,67.2,-6.36,-5.73,$10.15\substack{+0.12\\-0.17}$,$-6.36\substack{+0.46\\-0.66}$,$-5.73\substack{+0.22\\-0.24}$
488072005,62.068079,-53.917283,0.54122,21.624,10.32,78.5,-6.27,-5.76,$10.32\substack{+0.10\\-0.18}$,$-6.27\substack{+0.41\\-0.58}$,$-5.76\substack{+0.21\\-0.24}$
MUSE19/488068048,62.088268,-53.890642,0.91504,23.065,9.92,33.6,-6.64,-5.8,$9.92\substack{+0.30\\-0.29}$,$-6.64\substack{+0.64\\-0.87}$,$-5.80\substack{+0.29\\-0.29}$
488067814,62.109798,-53.896296,0.78734,22.001,9.9,43.1,-6.68,-5.83,$9.90\substack{+0.20\\-0.24}$,$-6.68\substack{+0.56\\-0.83}$,$-5.83\substack{+0.24\\-0.27}$
MUSE22/488065663,62.090044,-53.891845,1.09148,23.419,10.22,29.0,-6.4,-5.83,$10.22\substack{+0.28\\-0.27}$,$-6.40\substack{+0.59\\-0.75}$,$-5.83\substack{+0.28\\-0.29}$
488072697,62.061177,-53.921532,0.27257,19.767,10.33,99.6,-6.37,-5.87,$10.33\substack{+0.04\\-0.05}$,$-6.37\substack{+0.40\\-0.52}$,$-5.87\substack{+0.20\\-0.20}$
MUSE20/488065095,62.091419,-53.890585,0.94698,23.108,9.91,33.6,-6.74,-5.89,$9.91\substack{+0.34\\-0.26}$,$-6.74\substack{+0.69\\-0.85}$,$-5.89\substack{+0.31\\-0.28}$
488070825,62.106067,-53.909453,0.77562,21.908,9.93,47.8,-6.74,-5.91,$9.93\substack{+0.21\\-0.26}$,$-6.74\substack{+0.56\\-0.84}$,$-5.91\substack{+0.24\\-0.28}$
488066235,62.023367,-53.910705,0.57025,19.314,11.28,147.4,-6.0,-5.92,$11.28\substack{+0.06\\-0.17}$,$-6.00\substack{+0.26\\-0.36}$,$-5.92\substack{+0.20\\-0.24}$
489523492,62.067524,-53.881235,0.78001,20.704,10.92,82.9,-6.17,-5.93,$10.92\substack{+0.12\\-0.18}$,$-6.17\substack{+0.34\\-0.46}$,$-5.93\substack{+0.22\\-0.24}$
489521356,62.083229,-53.863995,0.57765,20.123,11.02,130.1,-6.14,-5.95,$11.02\substack{+0.07\\-0.17}$,$-6.14\substack{+0.31\\-0.42}$,$-5.95\substack{+0.21\\-0.24}$
488070625,62.057786,-53.908625,0.93778,21.744,11.27,76.0,-6.04,-5.96,$11.27\substack{+0.05\\-0.07}$,$-6.04\substack{+0.26\\-0.31}$,$-5.96\substack{+0.20\\-0.21}$
488073290,62.106161,-53.923866,0.57035,20.933,10.36,92.5,-6.47,-5.98,$10.36\substack{+0.07\\-0.12}$,$-6.47\substack{+0.40\\-0.54}$,$-5.98\substack{+0.21\\-0.22}$
488074578,62.144676,-53.934498,0.27176,18.315,11.11,169.6,-6.16,-6.01,$11.11\substack{+0.05\\-0.12}$,$-6.16\substack{+0.29\\-0.37}$,$-6.01\substack{+0.20\\-0.22}$
488070449,62.025309,-53.910519,0.42954,19.664,10.95,143.3,-6.24,-6.01,$10.95\substack{+0.05\\-0.07}$,$-6.24\substack{+0.32\\-0.39}$,$-6.01\substack{+0.20\\-0.21}$
488073735,62.139479,-53.928501,0.42858,19.429,10.95,146.4,-6.27,-6.04,$10.95\substack{+0.05\\-0.07}$,$-6.27\substack{+0.32\\-0.39}$,$-6.04\substack{+0.20\\-0.21}$
488072433,62.093088,-53.91904,0.30909,21.573,9.45,69.2,-7.31,-6.06,$9.45\substack{+0.09\\-0.11}$,$-7.31\substack{+0.58\\-0.88}$,$-6.06\substack{+0.21\\-0.22}$
489522058,62.078867,-53.872863,0.09083,18.298,9.9,100.3,-6.92,-6.07,$9.90\substack{+0.04\\-0.04}$,$-6.92\substack{+0.49\\-0.68}$,$-6.07\substack{+0.20\\-0.20}$
488066362,62.052505,-53.883271,0.94641,21.835,11.5,100.2,-6.14,-6.17,$11.50\substack{+0.03\\-0.03}$,$-6.14\substack{+0.21\\-0.24}$,$-6.17\substack{+0.20\\-0.20}$
488072414,62.14832,-53.919275,0.42744,20.06,10.7,141.2,-6.5,-6.17,$10.70\substack{+0.10\\-0.07}$,$-6.50\substack{+0.37\\-0.45}$,$-6.17\substack{+0.21\\-0.21}$
488072532,62.024006,-53.921066,0.44478,19.809,10.87,160.1,-6.49,-6.23,$10.87\substack{+0.06\\-0.08}$,$-6.49\substack{+0.33\\-0.42}$,$-6.23\substack{+0.20\\-0.21}$
488067185,62.020675,-53.907526,0.30566,19.692,10.58,150.5,-6.64,-6.25,$10.58\substack{+0.04\\-0.05}$,$-6.64\substack{+0.37\\-0.47}$,$-6.25\substack{+0.20\\-0.20}$
488076699,62.096336,-53.944173,0.30792,19.259,10.67,159.9,-6.62,-6.27,$10.67\substack{+0.05\\-0.07}$,$-6.62\substack{+0.36\\-0.46}$,$-6.27\substack{+0.20\\-0.21}$
MUSE21/488071544,62.087179,-53.913732,0.98821,22.458,10.21,50.3,-6.88,-6.3,$10.21\substack{+0.23\\-0.32}$,$-6.88\substack{+0.53\\-0.81}$,$-6.30\substack{+0.25\\-0.31}$
488067820,62.129495,-53.889946,0.25191,21.049,9.53,90.3,-7.49,-6.3,$9.53\substack{+0.09\\-0.11}$,$-7.49\substack{+0.57\\-0.86}$,$-6.30\substack{+0.21\\-0.22}$
MUSE3/488069277,62.103394,-53.889095,0.40779,23.661,8.52,47.6,-8.4,-6.31,$8.52\substack{+0.27\\-0.32}$,$-8.40\substack{+0.43\\-0.53}$,$-6.31\substack{+0.27\\-0.31}$
488068050,62.133568,-53.897135,0.46159,20.744,9.75,92.1,-7.31,-6.32,$9.75\substack{+0.09\\-0.10}$,$-7.31\substack{+0.53\\-0.77}$,$-6.32\substack{+0.21\\-0.22}$
MUSE26/488070824,62.095831,-53.909607,1.25062,22.383,10.49,36.8,-6.76,-6.33,$10.49\substack{+0.19\\-0.22}$,$-6.76\substack{+0.43\\-0.57}$,$-6.33\substack{+0.24\\-0.26}$
488071089,62.049904,-53.911313,0.30581,21.203,9.64,95.3,-7.43,-6.34,$9.64\substack{+0.10\\-0.12}$,$-7.43\substack{+0.56\\-0.83}$,$-6.34\substack{+0.21\\-0.22}$
488065930,62.13758,-53.888784,0.57825,21.113,10.08,107.7,-7.08,-6.38,$10.08\substack{+0.11\\-0.12}$,$-7.08\substack{+0.47\\-0.65}$,$-6.38\substack{+0.21\\-0.22}$
488069700,62.083413,-53.882657,0.27216,22.456,8.8,63.8,-8.23,-6.39,$8.80\substack{+0.16\\-0.21}$,$-8.23\substack{+0.50\\-0.72}$,$-6.39\substack{+0.23\\-0.25}$
489521068,62.09296,-53.861224,0.27153,20.306,10.21,139.3,-6.98,-6.4,$10.21\substack{+0.07\\-0.12}$,$-6.98\substack{+0.43\\-0.60}$,$-6.40\substack{+0.20\\-0.22}$
489521448,62.103449,-53.864717,0.43985,20.616,10.23,129.6,-6.97,-6.41,$10.23\substack{+0.10\\-0.15}$,$-6.97\substack{+0.44\\-0.62}$,$-6.41\substack{+0.21\\-0.23}$
488072561,62.053602,-53.920059,0.6296,21.216,10.16,106.6,-7.04,-6.41,$10.16\substack{+0.09\\-0.11}$,$-7.04\substack{+0.45\\-0.61}$,$-6.41\substack{+0.21\\-0.22}$
488074608,62.14097,-53.931443,0.43054,20.683,10.53,156.2,-6.84,-6.43,$10.53\substack{+0.05\\-0.05}$,$-6.84\substack{+0.38\\-0.48}$,$-6.43\substack{+0.20\\-0.20}$
488070133,62.169886,-53.88736,0.59607,20.158,10.84,174.5,-6.74,-6.47,$10.84\substack{+0.14\\-0.12}$,$-6.74\substack{+0.36\\-0.44}$,$-6.47\substack{+0.22\\-0.22}$
488073762,62.131777,-53.926465,0.42904,21.665,10.11,129.8,-7.15,-6.49,$10.11\substack{+0.08\\-0.14}$,$-7.15\substack{+0.45\\-0.65}$,$-6.49\substack{+0.21\\-0.23}$
488073021,62.080583,-53.92267,0.30741,21.184,9.21,84.6,-7.96,-6.49,$9.21\substack{+0.08\\-0.09}$,$-7.96\substack{+0.59\\-0.89}$,$-6.49\substack{+0.21\\-0.21}$
489522199,62.08199,-53.870601,0.3973,21.866,9.72,106.9,-7.51,-6.5,$9.72\substack{+0.14\\-0.24}$,$-7.51\substack{+0.56\\-0.90}$,$-6.50\substack{+0.22\\-0.27}$
488072604,62.073251,-53.92015,0.7729,22.129,10.07,81.5,-7.2,-6.5,$10.07\substack{+0.16\\-0.19}$,$-7.20\substack{+0.50\\-0.71}$,$-6.50\substack{+0.23\\-0.25}$
489521528,62.088464,-53.864945,0.24688,20.718,9.83,125.9,-7.43,-6.52,$9.83\substack{+0.09\\-0.08}$,$-7.43\substack{+0.52\\-0.73}$,$-6.52\substack{+0.21\\-0.21}$
488069699,62.097258,-53.886716,0.9256,22.617,9.67,49.6,-7.58,-6.52,$9.67\substack{+0.22\\-0.23}$,$-7.58\substack{+0.61\\-0.91}$,$-6.52\substack{+0.25\\-0.27}$
488070602,62.030809,-53.90882,0.26729,20.096,9.86,130.4,-7.45,-6.56,$9.86\substack{+0.06\\-0.06}$,$-7.45\substack{+0.50\\-0.71}$,$-6.56\substack{+0.20\\-0.21}$
489523576,62.050079,-53.881679,0.94745,22.694,11.08,107.8,-6.73,-6.57,$11.08\substack{+0.07\\-0.08}$,$-6.73\substack{+0.29\\-0.36}$,$-6.57\substack{+0.20\\-0.21}$
MUSE24/488069253,62.104998,-53.902502,1.14831,23.055,9.55,32.3,-7.76,-6.59,$9.55\substack{+0.26\\-0.28}$,$-7.76\substack{+0.66\\-1.01}$,$-6.59\substack{+0.27\\-0.29}$
488074678,62.146922,-53.934938,0.27044,19.713,10.34,174.0,-7.09,-6.59,$10.34\substack{+0.04\\-0.04}$,$-7.09\substack{+0.40\\-0.52}$,$-6.59\substack{+0.20\\-0.20}$
488074840,62.107311,-53.932685,0.73105,21.409,10.54,123.4,-7.0,-6.59,$10.54\substack{+0.09\\-0.11}$,$-7.00\substack{+0.38\\-0.50}$,$-6.59\substack{+0.21\\-0.22}$
488071415,62.11375,-53.91308,0.74981,22.287,9.54,68.6,-7.78,-6.6,$9.54\substack{+0.18\\-0.15}$,$-7.78\substack{+0.61\\-0.89}$,$-6.60\substack{+0.24\\-0.23}$
488070947,62.158048,-53.91235,0.76818,18.274,11.02,150.3,-6.8,-6.6,$11.02\substack{+0.10\\-0.14}$,$-6.80\substack{+0.32\\-0.41}$,$-6.60\substack{+0.21\\-0.23}$
488067669,62.135908,-53.895219,0.46127,22.257,9.47,98.0,-7.85,-6.61,$9.47\substack{+0.18\\-0.28}$,$-7.85\substack{+0.62\\-1.03}$,$-6.61\substack{+0.23\\-0.29}$
488071411,62.045447,-53.913359,0.30642,21.438,9.44,107.0,-7.89,-6.63,$9.44\substack{+0.10\\-0.11}$,$-7.89\substack{+0.58\\-0.89}$,$-6.63\substack{+0.21\\-0.22}$
489523301,62.097716,-53.879281,0.27278,22.768,8.75,75.8,-8.53,-6.65,$8.75\substack{+0.16\\-0.22}$,$-8.53\substack{+0.46\\-0.67}$,$-6.65\substack{+0.23\\-0.26}$
488072531,62.108813,-53.919489,0.7507,22.55,9.73,80.6,-7.68,-6.67,$9.73\substack{+0.17\\-0.20}$,$-7.68\substack{+0.57\\-0.86}$,$-6.67\substack{+0.23\\-0.25}$
488070816,62.035444,-53.90947,0.60004,22.347,9.92,121.6,-7.52,-6.68,$9.92\substack{+0.23\\-0.24}$,$-7.52\substack{+0.58\\-0.82}$,$-6.68\substack{+0.25\\-0.27}$
404169047,62.136795,-53.861686,0.1602,18.916,10.04,169.1,-7.42,-6.69,$10.04\substack{+0.04\\-0.04}$,$-7.42\substack{+0.46\\-0.63}$,$-6.69\substack{+0.20\\-0.20}$
488070607,62.037079,-53.908383,0.59964,22.356,9.76,117.2,-7.72,-6.74,$9.76\substack{+0.18\\-0.21}$,$-7.72\substack{+0.57\\-0.85}$,$-6.74\substack{+0.23\\-0.26}$
488067357,62.163804,-53.896708,0.72762,21.625,10.72,156.1,-7.1,-6.77,$10.72\substack{+0.06\\-0.11}$,$-7.10\substack{+0.36\\-0.46}$,$-6.77\substack{+0.20\\-0.22}$
404169634,62.112378,-53.871809,0.80252,21.675,10.34,111.3,-7.28,-6.79,$10.34\substack{+0.15\\-0.37}$,$-7.28\substack{+0.43\\-0.72}$,$-6.79\substack{+0.22\\-0.34}$
488074345,62.179533,-53.930268,0.4393,20.522,10.58,218.3,-7.23,-6.84,$10.58\substack{+0.06\\-0.12}$,$-7.23\substack{+0.37\\-0.50}$,$-6.84\substack{+0.20\\-0.22}$
489521853,62.084697,-53.867583,0.27148,21.675,9.27,116.9,-8.25,-6.84,$9.27\substack{+0.12\\-0.13}$,$-8.25\substack{+0.60\\-0.92}$,$-6.84\substack{+0.21\\-0.22}$
488078736,62.114845,-53.95304,0.42826,21.346,10.35,198.2,-7.36,-6.86,$10.35\substack{+0.07\\-0.09}$,$-7.36\substack{+0.40\\-0.53}$,$-6.86\substack{+0.21\\-0.21}$
488066250,62.017973,-53.905064,0.57028,21.306,10.05,154.8,-7.59,-6.87,$10.05\substack{+0.10\\-0.14}$,$-7.59\substack{+0.47\\-0.68}$,$-6.87\substack{+0.21\\-0.23}$
488069992,62.129682,-53.882696,0.2397,21.88,8.93,103.8,-8.63,-6.91,$8.93\substack{+0.10\\-0.12}$,$-8.63\substack{+0.53\\-0.78}$,$-6.91\substack{+0.21\\-0.22}$
488074838,62.144448,-53.93251,0.50871,21.484,9.97,164.1,-7.75,-6.96,$9.97\substack{+0.09\\-0.13}$,$-7.75\substack{+0.49\\-0.70}$,$-6.96\substack{+0.21\\-0.22}$
488078018,62.078114,-53.949484,0.51766,21.911,10.14,180.4,-7.6,-6.96,$10.14\substack{+0.09\\-0.17}$,$-7.60\substack{+0.45\\-0.67}$,$-6.96\substack{+0.21\\-0.24}$
488073172,62.142324,-53.923373,0.39342,21.554,9.52,138.8,-8.18,-6.98,$9.52\substack{+0.12\\-0.12}$,$-8.18\substack{+0.58\\-0.87}$,$-6.98\substack{+0.21\\-0.22}$
488077424,62.142854,-53.946644,0.39071,21.17,10.14,201.7,-7.65,-7.01,$10.14\substack{+0.07\\-0.09}$,$-7.65\substack{+0.44\\-0.60}$,$-7.01\substack{+0.21\\-0.21}$
488077861,62.077259,-53.948516,0.51744,21.566,10.04,177.3,-7.75,-7.01,$10.04\substack{+0.10\\-0.12}$,$-7.75\substack{+0.48\\-0.66}$,$-7.01\substack{+0.21\\-0.22}$
488075668,62.133767,-53.937477,0.42807,20.447,9.77,163.6,-8.01,-7.04,$9.77\substack{+0.07\\-0.06}$,$-8.01\substack{+0.52\\-0.75}$,$-7.04\substack{+0.21\\-0.21}$
488067945,62.019121,-53.902892,0.57171,21.72,9.77,151.6,-8.02,-7.04,$9.77\substack{+0.10\\-0.13}$,$-8.02\substack{+0.53\\-0.79}$,$-7.04\substack{+0.21\\-0.23}$
488072443,62.054344,-53.919213,0.27226,22.046,8.75,103.4,-8.94,-7.06,$8.75\substack{+0.14\\-0.13}$,$-8.94\substack{+0.45\\-0.58}$,$-7.06\substack{+0.22\\-0.22}$
488068654,62.143374,-53.894424,0.81351,22.007,10.04,114.0,-7.79,-7.06,$10.04\substack{+0.19\\-0.23}$,$-7.79\substack{+0.53\\-0.77}$,$-7.06\substack{+0.24\\-0.27}$
488071272,62.133772,-53.912201,0.15809,22.207,8.6,102.1,-9.09,-7.07,$8.60\substack{+0.13\\-0.16}$,$-9.09\substack{+0.29\\-0.36}$,$-7.07\substack{+0.22\\-0.23}$
488072984,62.146444,-53.921724,0.60815,22.144,9.68,142.5,-8.13,-7.08,$9.68\substack{+0.13\\-0.18}$,$-8.13\substack{+0.56\\-0.86}$,$-7.08\substack{+0.22\\-0.24}$
488068672,62.140255,-53.894233,0.16682,21.453,8.67,107.7,-9.04,-7.09,$8.67\substack{+0.13\\-0.14}$,$-9.04\substack{+0.37\\-0.47}$,$-7.09\substack{+0.22\\-0.23}$
488073629,62.125366,-53.926127,0.63364,22.258,9.43,120.1,-8.38,-7.1,$9.43\substack{+0.16\\-0.16}$,$-8.38\substack{+0.61\\-0.92}$,$-7.10\substack{+0.23\\-0.23}$
488073466,62.165107,-53.925645,0.93736,20.916,11.24,183.5,-7.21,-7.12,$11.24\substack{+0.05\\-0.07}$,$-7.21\substack{+0.26\\-0.31}$,$-7.12\substack{+0.20\\-0.21}$
488073766,62.05053,-53.926881,0.75824,22.336,9.92,128.8,-8.0,-7.17,$9.92\substack{+0.21\\-0.34}$,$-8.00\substack{+0.57\\-0.95}$,$-7.17\substack{+0.25\\-0.33}$
488070459,62.171977,-53.907068,0.37773,21.361,9.65,174.9,-8.25,-7.17,$9.65\substack{+0.11\\-0.12}$,$-8.25\substack{+0.56\\-0.83}$,$-7.17\substack{+0.21\\-0.22}$
488070459,62.171977,-53.907068,0.37779,21.361,9.65,174.9,-8.25,-7.17,$9.65\substack{+0.11\\-0.12}$,$-8.25\substack{+0.56\\-0.83}$,$-7.17\substack{+0.21\\-0.22}$
488072024,62.037238,-53.917791,0.37796,22.807,9.08,129.9,-8.78,-7.19,$9.08\substack{+0.18\\-0.26}$,$-8.78\substack{+0.62\\-1.01}$,$-7.19\substack{+0.24\\-0.28}$
488070460,62.171213,-53.906968,0.7972,22.595,10.56,173.2,-7.6,-7.19,$10.56\substack{+0.08\\-0.08}$,$-7.60\substack{+0.38\\-0.48}$,$-7.19\substack{+0.21\\-0.21}$
488072618,62.1428,-53.919871,0.77739,22.398,10.0,132.3,-7.96,-7.19,$10.00\substack{+0.17\\-0.35}$,$-7.96\substack{+0.52\\-0.93}$,$-7.19\substack{+0.23\\-0.33}$
488070460,62.171213,-53.906968,0.79737,22.595,10.56,173.2,-7.6,-7.19,$10.56\substack{+0.08\\-0.08}$,$-7.60\substack{+0.38\\-0.48}$,$-7.19\substack{+0.21\\-0.21}$
488074030,62.163437,-53.927404,0.46567,21.4,9.79,183.8,-8.16,-7.2,$9.79\substack{+0.10\\-0.11}$,$-8.16\substack{+0.53\\-0.76}$,$-7.20\substack{+0.21\\-0.22}$
488070027,62.154997,-53.888704,0.81379,22.887,10.25,142.8,-7.74,-7.2,$10.25\substack{+0.18\\-0.26}$,$-7.74\substack{+0.49\\-0.73}$,$-7.20\substack{+0.24\\-0.28}$
404169734,62.125315,-53.873569,0.76243,22.755,9.75,120.3,-8.2,-7.21,$9.75\substack{+0.23\\-0.30}$,$-8.20\substack{+0.61\\-0.96}$,$-7.21\substack{+0.26\\-0.30}$
488075485,62.112254,-53.93597,0.29471,22.103,9.08,137.9,-8.8,-7.21,$9.08\substack{+0.12\\-0.14}$,$-8.80\substack{+0.58\\-0.89}$,$-7.21\substack{+0.22\\-0.23}$
404169375,62.133682,-53.867494,0.16039,20.977,9.07,148.4,-8.82,-7.22,$9.07\substack{+0.11\\-0.12}$,$-8.82\substack{+0.58\\-0.88}$,$-7.22\substack{+0.21\\-0.22}$
MUSE25/488070944,62.098868,-53.909951,1.25002,23.508,9.42,40.4,-8.5,-7.22,$9.42\substack{+0.19\\-0.26}$,$-8.50\substack{+0.63\\-1.02}$,$-7.22\substack{+0.24\\-0.28}$
488067796,62.025664,-53.892284,0.91979,21.768,10.53,140.1,-7.65,-7.24,$10.53\substack{+0.10\\-0.31}$,$-7.65\substack{+0.39\\-0.63}$,$-7.24\substack{+0.21\\-0.31}$
488073160,62.043694,-53.923652,0.91456,22.098,10.36,130.9,-7.75,-7.26,$10.36\substack{+0.18\\-0.20}$,$-7.75\substack{+0.44\\-0.58}$,$-7.26\substack{+0.24\\-0.25}$
404169737,62.148449,-53.873747,0.75002,22.097,10.09,155.0,-7.95,-7.26,$10.09\substack{+0.15\\-0.19}$,$-7.95\substack{+0.49\\-0.70}$,$-7.26\substack{+0.22\\-0.25}$
MUSE28/488067056,62.107634,-53.905654,1.254,23.1,9.45,42.0,-8.52,-7.26,$9.45\substack{+0.23\\-0.25}$,$-8.52\substack{+0.65\\-1.00}$,$-7.26\substack{+0.25\\-0.28}$
404169584,62.156567,-53.87133,0.8007,21.188,10.48,174.0,-7.7,-7.27,$10.48\substack{+0.29\\-0.13}$,$-7.70\substack{+0.49\\-0.52}$,$-7.27\substack{+0.28\\-0.22}$
405340085,62.140943,-53.88024,0.30034,21.842,8.88,128.4,-9.04,-7.27,$8.88\substack{+0.18\\-0.13}$,$-9.04\substack{+0.55\\-0.74}$,$-7.27\substack{+0.24\\-0.22}$
488077259,62.092037,-53.945258,0.54971,22.234,9.56,163.4,-8.44,-7.28,$9.56\substack{+0.15\\-0.18}$,$-8.44\substack{+0.59\\-0.91}$,$-7.28\substack{+0.22\\-0.24}$
489521272,62.090218,-53.862527,0.63286,22.813,9.36,134.5,-8.64,-7.3,$9.36\substack{+0.23\\-0.25}$,$-8.64\substack{+0.66\\-1.02}$,$-7.30\substack{+0.25\\-0.28}$
489523103,62.037949,-53.878208,0.897,21.083,10.3,136.0,-7.83,-7.31,$10.30\substack{+0.13\\-0.17}$,$-7.83\substack{+0.43\\-0.58}$,$-7.31\substack{+0.22\\-0.24}$
488076578,62.107604,-53.941787,0.79782,21.477,10.19,155.2,-7.91,-7.32,$10.19\substack{+0.14\\-0.16}$,$-7.91\substack{+0.47\\-0.64}$,$-7.32\substack{+0.22\\-0.23}$
489521533,62.082318,-53.864622,0.67459,23.344,9.38,128.1,-8.65,-7.33,$9.38\substack{+0.26\\-0.28}$,$-8.65\substack{+0.68\\-1.05}$,$-7.33\substack{+0.27\\-0.29}$
489522088,62.038672,-53.8698,0.59969,22.534,9.4,154.2,-8.66,-7.36,$9.40\substack{+0.27\\-0.25}$,$-8.66\substack{+0.68\\-1.02}$,$-7.36\substack{+0.27\\-0.28}$
488072301,62.16085,-53.917944,0.5976,22.185,9.47,162.9,-8.61,-7.37,$9.47\substack{+0.16\\-0.18}$,$-8.61\substack{+0.61\\-0.93}$,$-7.37\substack{+0.23\\-0.24}$
404169401,62.147459,-53.869008,0.75141,21.712,10.05,164.3,-8.1,-7.38,$10.05\substack{+0.24\\-0.28}$,$-8.10\substack{+0.57\\-0.82}$,$-7.38\substack{+0.26\\-0.29}$
404169402,62.130404,-53.867675,0.59397,23.104,9.2,143.7,-8.88,-7.4,$9.20\substack{+0.26\\-0.33}$,$-8.88\substack{+0.68\\-1.12}$,$-7.40\substack{+0.27\\-0.32}$
404169758,62.146052,-53.874054,0.75095,22.586,9.85,150.3,-8.31,-7.4,$9.85\substack{+0.16\\-0.21}$,$-8.31\substack{+0.55\\-0.82}$,$-7.40\substack{+0.23\\-0.25}$
404169588,62.151601,-53.871104,0.56693,22.81,9.4,166.1,-8.73,-7.43,$9.40\substack{+0.18\\-0.19}$,$-8.73\substack{+0.62\\-0.95}$,$-7.43\substack{+0.23\\-0.25}$
488076552,62.105955,-53.941347,0.36171,22.388,9.03,152.8,-9.06,-7.43,$9.03\substack{+0.16\\-0.17}$,$-9.06\substack{+0.59\\-0.89}$,$-7.43\substack{+0.23\\-0.24}$
488078159,62.047075,-53.950191,0.56953,21.811,9.71,203.1,-8.49,-7.46,$9.71\substack{+0.09\\-0.12}$,$-8.49\substack{+0.54\\-0.80}$,$-7.46\substack{+0.21\\-0.22}$
489522305,62.030458,-53.871796,0.91911,22.148,10.48,162.5,-7.9,-7.46,$10.48\substack{+0.19\\-0.38}$,$-7.90\substack{+0.43\\-0.70}$,$-7.46\substack{+0.24\\-0.35}$
488073582,62.03687,-53.925643,0.91818,21.953,10.27,146.6,-8.01,-7.48,$10.27\substack{+0.18\\-0.28}$,$-8.01\substack{+0.45\\-0.66}$,$-7.48\substack{+0.23\\-0.29}$
489522522,62.023889,-53.873587,0.59935,22.742,9.35,170.0,-8.87,-7.52,$9.35\substack{+0.18\\-0.25}$,$-8.87\substack{+0.63\\-1.03}$,$-7.52\substack{+0.24\\-0.28}$
488075100,62.135113,-53.933925,0.42804,22.3,8.97,154.9,-9.22,-7.54,$8.97\substack{+0.07\\-0.07}$,$-9.22\substack{+0.54\\-0.79}$,$-7.54\substack{+0.21\\-0.21}$
404168970,62.143547,-53.858498,0.84037,22.02,10.35,186.9,-8.04,-7.55,$10.35\substack{+0.16\\-0.17}$,$-8.04\substack{+0.43\\-0.57}$,$-7.55\substack{+0.23\\-0.24}$
404169534,62.142829,-53.870321,0.80082,21.848,9.86,153.9,-8.45,-7.55,$9.86\substack{+0.19\\-0.17}$,$-8.45\substack{+0.56\\-0.78}$,$-7.55\substack{+0.24\\-0.24}$
488073010,62.046958,-53.9225,0.27124,22.409,8.37,123.0,-9.78,-7.56,$8.37\substack{+0.16\\-0.14}$,$-9.78\substack{+0.25\\-0.22}$,$-7.56\substack{+0.23\\-0.23}$
488079339,62.108903,-53.95688,0.42895,21.139,9.48,208.9,-8.8,-7.56,$9.48\substack{+0.09\\-0.08}$,$-8.80\substack{+0.58\\-0.86}$,$-7.56\substack{+0.21\\-0.21}$
488070430,62.027802,-53.906937,0.95625,22.49,10.13,135.2,-8.23,-7.57,$10.13\substack{+0.21\\-0.32}$,$-8.23\substack{+0.53\\-0.84}$,$-7.57\substack{+0.24\\-0.31}$
488071245,62.030863,-53.912062,0.77531,22.736,9.46,133.7,-8.84,-7.59,$9.46\substack{+0.25\\-0.19}$,$-8.84\substack{+0.66\\-0.94}$,$-7.59\substack{+0.26\\-0.25}$
488078889,62.046282,-53.955925,0.19565,20.697,9.31,222.4,-8.98,-7.6,$9.31\substack{+0.10\\-0.10}$,$-8.98\substack{+0.59\\-0.90}$,$-7.60\substack{+0.21\\-0.21}$
489521965,62.045558,-53.868686,0.89759,22.513,10.04,147.2,-8.33,-7.6,$10.04\substack{+0.21\\-0.24}$,$-8.33\substack{+0.55\\-0.78}$,$-7.60\substack{+0.25\\-0.27}$
488065215,62.027412,-53.885104,1.10526,22.372,10.66,143.9,-7.99,-7.63,$10.66\substack{+0.26\\-0.37}$,$-7.99\substack{+0.45\\-0.67}$,$-7.63\substack{+0.27\\-0.34}$
488075166,62.149266,-53.934182,0.5088,22.887,9.14,175.5,-9.18,-7.64,$9.14\substack{+0.19\\-0.24}$,$-9.18\substack{+0.63\\-1.00}$,$-7.64\substack{+0.24\\-0.27}$
488068535,62.14954,-53.895034,0.77707,22.702,9.28,126.6,-9.06,-7.65,$9.28\substack{+0.24\\-0.22}$,$-9.06\substack{+0.66\\-0.99}$,$-7.65\substack{+0.26\\-0.26}$
488073904,62.15151,-53.927139,0.27214,22.822,8.74,162.5,-9.55,-7.66,$8.74\substack{+0.12\\-0.16}$,$-9.55\substack{+0.43\\-0.58}$,$-7.66\substack{+0.22\\-0.23}$
488068835,62.019738,-53.894319,0.91905,22.531,10.05,151.3,-8.4,-7.68,$10.05\substack{+0.21\\-0.26}$,$-8.40\substack{+0.54\\-0.80}$,$-7.68\substack{+0.25\\-0.28}$
405340125,62.147848,-53.880963,0.82674,22.738,9.58,139.6,-8.83,-7.69,$9.58\substack{+0.23\\-0.27}$,$-8.83\substack{+0.64\\-0.99}$,$-7.69\substack{+0.26\\-0.29}$
488076126,62.098545,-53.939165,0.29568,22.286,8.45,142.4,-9.86,-7.71,$8.45\substack{+0.12\\-0.11}$,$-9.86\substack{+0.19\\-0.18}$,$-7.71\substack{+0.21\\-0.22}$
488074972,62.158897,-53.933231,0.27187,22.261,8.93,188.4,-9.43,-7.71,$8.93\substack{+0.11\\-0.13}$,$-9.43\substack{+0.54\\-0.79}$,$-7.71\substack{+0.21\\-0.22}$
488073464,62.128601,-53.924891,1.08324,22.899,10.15,121.1,-8.35,-7.72,$10.15\substack{+0.25\\-0.33}$,$-8.35\substack{+0.57\\-0.85}$,$-7.72\substack{+0.26\\-0.32}$
488072862,62.014278,-53.921997,0.44369,22.954,8.99,180.0,-9.41,-7.73,$8.99\substack{+0.17\\-0.23}$,$-9.41\substack{+0.59\\-0.92}$,$-7.73\substack{+0.23\\-0.26}$
488071425,62.019165,-53.91352,0.77498,22.912,9.57,158.9,-8.89,-7.74,$9.57\substack{+0.18\\-0.24}$,$-8.89\substack{+0.60\\-0.96}$,$-7.74\substack{+0.23\\-0.27}$
488077585,62.091222,-53.947042,0.85319,23.034,9.94,169.8,-8.57,-7.75,$9.94\substack{+0.17\\-0.20}$,$-8.57\substack{+0.54\\-0.77}$,$-7.75\substack{+0.23\\-0.25}$
404169398,62.129582,-53.86759,1.04896,22.75,10.28,142.9,-8.28,-7.75,$10.28\substack{+0.30\\-0.36}$,$-8.28\substack{+0.51\\-0.72}$,$-7.75\substack{+0.29\\-0.34}$
488076873,62.062246,-53.943414,0.51666,22.956,8.9,167.7,-9.51,-7.76,$8.90\substack{+0.28\\-0.27}$,$-9.51\substack{+0.64\\-0.89}$,$-7.76\substack{+0.28\\-0.28}$
404169833,62.165627,-53.875815,0.61452,22.767,9.16,181.6,-9.3,-7.78,$9.16\substack{+0.22\\-0.18}$,$-9.30\substack{+0.65\\-0.95}$,$-7.78\substack{+0.25\\-0.24}$
488074337,62.173464,-53.929392,0.40472,22.616,9.08,205.6,-9.4,-7.81,$9.08\substack{+0.15\\-0.17}$,$-9.40\substack{+0.60\\-0.92}$,$-7.81\substack{+0.22\\-0.24}$
488067934,62.032469,-53.898319,1.34023,21.519,10.94,123.0,-8.04,-7.81,$10.94\substack{+0.05\\-0.04}$,$-8.04\substack{+0.32\\-0.39}$,$-7.81\substack{+0.20\\-0.20}$
488077841,62.133208,-53.947857,0.35684,22.687,8.91,195.1,-9.57,-7.83,$8.91\substack{+0.17\\-0.23}$,$-9.57\substack{+0.56\\-0.85}$,$-7.83\substack{+0.23\\-0.26}$
488070960,62.031874,-53.910446,1.23026,21.226,10.58,129.8,-8.25,-7.86,$10.58\substack{+0.19\\-0.19}$,$-8.25\substack{+0.42\\-0.54}$,$-7.86\substack{+0.24\\-0.25}$
489521442,62.031862,-53.8641,0.90591,22.699,9.96,179.0,-8.74,-7.94,$9.96\substack{+0.24\\-0.26}$,$-8.74\substack{+0.58\\-0.83}$,$-7.94\substack{+0.26\\-0.28}$
488076117,62.040622,-53.93931,1.0182,22.596,10.24,176.9,-8.54,-7.99,$10.24\substack{+0.18\\-0.21}$,$-8.54\substack{+0.49\\-0.67}$,$-7.99\substack{+0.23\\-0.26}$
404169065,62.156908,-53.860476,0.75027,22.948,9.44,200.1,-9.34,-8.07,$9.44\substack{+0.23\\-0.25}$,$-9.34\substack{+0.65\\-1.01}$,$-8.07\substack{+0.25\\-0.28}$
489520262,62.067931,-53.853616,0.91854,22.457,9.71,173.3,-9.12,-8.1,$9.71\substack{+0.25\\-0.23}$,$-9.12\substack{+0.63\\-0.89}$,$-8.10\substack{+0.26\\-0.26}$
404169193,62.141088,-53.862996,1.16021,22.384,10.5,170.9,-8.52,-8.1,$10.50\substack{+0.21\\-0.30}$,$-8.52\substack{+0.44\\-0.63}$,$-8.10\substack{+0.25\\-0.30}$
404169489,62.136503,-53.870431,0.04355,21.43,7.6,144.3,-11.07,-8.16,$7.60\substack{+0.37\\-0.32}$,$-11.07\substack{+0.59\\-0.51}$,$-8.16\substack{+0.32\\-0.31}$
404169659,62.146071,-53.872477,1.14904,21.682,9.98,153.9,-9.09,-8.31,$9.98\substack{+0.17\\-0.22}$,$-9.09\substack{+0.53\\-0.78}$,$-8.31\substack{+0.23\\-0.26}$
488075055,62.169444,-53.933578,1.03614,22.691,10.13,206.8,-8.97,-8.32,$10.13\substack{+0.17\\-0.32}$,$-8.97\substack{+0.50\\-0.84}$,$-8.32\substack{+0.23\\-0.31}$
404169176,62.14504,-53.862782,1.14723,22.928,10.2,176.9,-8.92,-8.33,$10.20\substack{+0.24\\-0.30}$,$-8.92\substack{+0.55\\-0.80}$,$-8.33\substack{+0.26\\-0.30}$
404169154,62.149335,-53.86234,1.14884,22.251,9.78,184.1,-9.66,-8.69,$9.78\substack{+0.20\\-0.24}$,$-9.66\substack{+0.59\\-0.88}$,$-8.69\substack{+0.24\\-0.27}$
488073779,62.020985,-53.927277,1.38408,22.28,10.52,177.2,-9.12,-8.7,$10.52\substack{+0.18\\-0.24}$,$-9.12\substack{+0.42\\-0.58}$,$-8.70\substack{+0.23\\-0.27}$
488072310,62.161986,-53.918003,1.25287,22.603,9.08,165.2,-10.89,-9.31,$9.08\substack{+0.18\\-0.14}$,$-10.89\substack{+0.61\\-0.89}$,$-9.31\substack{+0.23\\-0.23}$
488072700,62.160696,-53.920293,1.25468,22.908,9.07,166.2,-10.93,-9.33,$9.07\substack{+0.25\\-0.24}$,$-10.93\substack{+0.66\\-0.98}$,$-9.33\substack{+0.26\\-0.27}$
488072408,62.161866,-53.918519,1.25018,22.937,8.95,165.7,-11.1,-9.4,$8.95\substack{+0.18\\-0.19}$,$-11.10\substack{+0.58\\-0.86}$,$-9.40\substack{+0.24\\-0.25}$
404169985,62.153722,-53.878539,1.41999,22.613,9.23,154.7,-11.0,-9.55,$9.23\substack{+0.26\\-0.24}$,$-11.00\substack{+0.68\\-1.02}$,$-9.55\substack{+0.27\\-0.27}$
489520462,62.073666,-53.855405,1.17034,22.11,7.69,164.0,-12.93,-10.1,$7.69\substack{+0.45\\-0.45}$,$-12.93\substack{+0.72\\-0.72}$,$-10.10\substack{+0.37\\-0.39}$
489520752,62.055153,-53.858062,1.59303,22.328,9.14,168.1,-11.75,-10.21,$9.14\substack{+0.29\\-0.23}$,$-11.75\substack{+0.70\\-0.99}$,$-10.21\substack{+0.28\\-0.27}$
3070263610,62.040098,-53.885262,1.3236,,,119.0,,,-,-,-
3070263850,62.075161,-53.892278,0.91583,,,42.4,,,-,-,-
3070265512,62.076105,-53.885866,0.9154,,,58.9,,,-,-,-
3070264072,62.073661,-53.889176,0.7679,,,52.4,,,-,-,-
MUSE1,62.093482,-53.907716,0.23983,,,28.9,,,$-$,$-$,$-$
MUSE2,62.088497,-53.889554,0.28757,,,37.4,,,$-$,$-$,$-$
MUSE4,62.079502,-53.896486,0.55446,,,26.2,,,$-$,$-$,$-$
MUSE5,62.092164,-53.90256,0.59221,,,10.3,,,$-$,$-$,$-$
MUSE7,62.086607,-53.902732,0.59822,,,13.0,,,$-$,$-$,$-$
MUSE11,62.092623,-53.909149,0.64338,,,33.7,,,$-$,$-$,$-$
MUSE13,62.088612,-53.911555,0.76379,,,42.2,,,$-$,$-$,$-$
MUSE16,62.075319,-53.889095,0.76863,,,50.4,,,$-$,$-$,$-$
MUSE17,62.095373,-53.907544,0.8298,,,29.5,,,$-$,$-$,$-$
MUSE18,62.069991,-53.898778,0.85458,,,43.5,,,$-$,$-$,$-$
MUSE23,62.082424,-53.891043,1.13208,,,36.1,,,$-$,$-$,$-$
MUSE27,62.084658,-53.911326,1.25152,,,42.9,,,$-$,$-$,$-$
